year,entity,municipality,section,quality,geometry,total,nominal,turnout,emblemLeader,emblemGapPP,source,sourceRows
2024,14,120,0,verified,False,27,43,,MORENA,25.925925925925924,S02,2127;3111;5319
2024,14,120,2900,verified,True,687,1412,48.654390934844194,MC,32.751091703056765,S02,5090;5097
2024,14,120,2901,verified,True,614,1072,57.276119402985074,MC,6.188925081433225,S02,5091;5288
2024,14,120,2902,verified,True,1334,2720,49.04411764705882,MC,11.84407796101949,S02,5092;5093;5094;5448
2024,14,120,2903,verified,True,845,1689,50.02960331557135,MC,20.355029585798817,S02,5095;5098;5289
2024,14,120,2904,verified,True,686,1311,52.32646834477498,MC,6.41399416909621,S02,5449;5450
2024,14,120,2905,verified,True,903,1609,56.12181479179614,MC,10.188261351052049,S02,5096;5099;5290
2024,14,120,2906,verified,True,1031,1833,56.246590289143484,MC,20.75654704170708,S02,1865;1950;2227
2024,14,120,2907,verified,True,813,1541,52.7579493835172,MC,12.792127921279212,S02,1828;1866;1867
2024,14,120,2908,verified,True,842,1685,49.97032640949555,MC,8.194774346793348,S02,1868;1869;1951
2024,14,120,2909,verified,True,887,1509,58.78064943671305,MC,14.543404735062007,S02,1952;1953;2228
2024,14,120,2910,verified,True,1033,1794,57.58082497212932,MC,18.102613746369798,S02,1954;1955;2229
2024,14,120,2911,verified,True,1139,1825,62.41095890410959,MC,24.670763827919227,S02,1829;2230;2231
2024,14,120,2912,verified,True,798,1269,62.88416075650118,MC,24.43609022556391,S02,1830;1956
2024,14,120,2913,verified,True,665,1372,48.46938775510204,MC,40.6015037593985,S02,1957;1958
2024,14,120,2914,verified,True,544,895,60.78212290502793,MC,22.977941176470587,S02,1959;2232
2024,14,120,2916,verified,True,781,1130,69.11504424778762,MC,30.34571062740077,S02,1870;1871
2024,14,120,2917,verified,True,1327,1949,68.08619805028219,MC,38.20648078372268,S02,1831;1872;2233
2024,14,120,2918,verified,True,1379,1848,74.62121212121212,MC,61.85641769398115,S02,1832;2234;2235
2024,14,120,2919,verified,True,818,1151,71.06863596872284,MC,36.91931540342298,S02,1833;2236
2024,14,120,2920,verified,True,1092,1732,63.04849884526559,MC,28.205128205128204,S02,1873;1960;1961
2024,14,120,2921,verified,True,931,1610,57.826086956521735,MC,22.878625134264233,S02,1834;1962;1963
2024,14,120,2922,verified,True,793,1440,55.06944444444445,MC,12.736443883984869,S02,1874;2237
2024,14,120,2923,verified,True,757,1382,54.775687409551374,MC,3.1704095112285335,S02,1875;1964
2024,14,120,2924,verified,True,1015,1547,65.61085972850678,MC,30.935960591133004,S02,1876;1877;1965
2024,14,120,2925,verified,True,916,1312,69.8170731707317,MC,38.97379912663755,S02,1835;2238
2024,14,120,2926,verified,True,914,1493,61.21902210314802,MC,21.663019693654267,S02,1836;1878
2024,14,120,2927,verified,True,703,1055,66.63507109004739,MC,41.25177809388336,S02,1879;2239
2024,14,120,2928,verified,True,1033,1386,74.53102453102453,MC,47.72507260406583,S02,1837;1880
2024,14,120,2929,verified,True,1349,1880,71.75531914893617,MC,37.36100815418828,S02,1881;1882;1966
2024,14,120,2930,verified,True,1720,2434,70.66557107641742,MC,34.36046511627907,S02,1883;1884;2240;2241
2024,14,120,2931,verified,True,852,2113,40.321817321344064,MC,18.779342723004692,S02,1885;2242;2243
2024,14,120,2932,verified,True,1070,1982,53.98587285570131,MC,21.121495327102803,S02,1967;2244;2245
2024,14,120,2933,verified,True,1908,3083,61.8877716509893,MC,22.90356394129979,S02,1886;1968;1969;2246;2247
2024,14,120,2934,verified,True,1371,1920,71.40625,MC,29.686360320933623,S02,1731;2248;2249
2024,14,120,2935,verified,True,1227,1546,79.36610608020699,MC,40.74979625101874,S02,1887;1970;1971
2024,14,120,2936,verified,True,850,1141,74.4960560911481,MC,44.588235294117645,S02,1972;2250
2024,14,120,2937,verified,True,758,1181,64.18289585097375,MC,9.498680738786279,S02,1732;2251
2024,14,120,2938,verified,True,712,1896,37.552742616033754,MC,4.353932584269663,S02,1733;1973;2252
2024,14,120,2939,verified,True,912,1478,61.70500676589986,MC,6.68859649122807,S02,2253;2254
2024,14,120,2940,verified,True,988,1708,57.84543325526932,MC,11.234817813765183,S02,1974;2255;2256
2024,14,120,2941,verified,True,1072,1708,62.76346604215457,MC,13.526119402985074,S02,1734;1888;1889
2024,14,120,2942,verified,True,1005,1713,58.66900175131349,MC,12.636815920398009,S02,1735;1975;2257
2024,14,120,2943,verified,True,1369,1872,73.13034188034187,MC,10.007304601899197,S02,1736;1890;1976
2024,14,120,2944,verified,True,538,809,66.5018541409147,MC,12.453531598513012,S02,1977;2258
2024,14,120,2945,verified,True,1428,2349,60.79182630906769,MC,6.512605042016808,S02,1737;1891;1892;2259
2024,14,120,2946,verified,True,1212,2286,53.018372703412076,MC,0.16501650165016502,S02,1738;1893;1894;1978
2024,14,120,2947,verified,True,903,1554,58.108108108108105,MC,13.2890365448505,S02,1739;1979;2260
2024,14,120,2948,verified,True,1535,2527,60.743965176098136,MC,11.661237785016286,S02,1740;1741;1980;2261
2024,14,120,2949,verified,True,2451,3893,62.959157462111484,MC,24.8062015503876,S02,1742;1743;1981;1982;2262;2263
2024,14,120,2950,verified,True,1679,2762,60.789283128167995,MC,21.20309708159619,S02,1895;1896;1983;1984
2024,14,120,2951,verified,True,791,1592,49.685929648241206,MC,0.8849557522123894,S02,1985;1986;2264
2024,14,120,2952,verified,True,761,1513,50.29742233972241,MC,10.775295663600525,S02,1744;1745;1987
2024,14,120,2953,verified,True,1055,2026,52.073050345508385,MC,2.5592417061611377,S02,1988;1989;1990
2024,14,120,2954,verified,True,1255,2142,58.59010270774977,MC,0.3187250996015936,S02,1746;1747;1991
2024,14,120,2955,verified,True,1074,1812,59.27152317880795,MC,11.638733705772813,S02,1748;1749;1992
2024,14,120,2956,verified,True,1019,1667,61.12777444511098,MC,28.066732090284592,S02,1750;1751;2265
2024,14,120,2957,verified,True,692,1142,60.595446584938706,MC,1.7341040462427744,S02,1897;1993
2024,14,120,2958,verified,True,671,1126,59.59147424511545,MC,16.39344262295082,S02,1752;1994
2024,14,120,2959,verified,True,613,1101,55.676657584014535,MC,8.97226753670473,S02,1898;1899
2024,14,120,2960,verified,True,1141,2117,53.89702409069438,MC,4.995617879053462,S02,1753;2266;2267
2024,14,120,2961,verified,True,1067,2100,50.8095238095238,MC,18.744142455482663,S02,1754;1900;1995
2024,14,120,2962,verified,True,1481,2340,63.29059829059829,MC,27.88656313301823,S02,1755;1901;1902;2268
2024,14,120,2963,verified,True,271,834,32.49400479616307,MC,23.985239852398525,S02,1903;2269
2024,14,120,2965,verified,True,1212,2118,57.22379603399433,MC,8.333333333333332,S02,1756;1904;2270
2024,14,120,2966,verified,True,1961,3333,58.83588358835884,MC,19.734829168791432,S02,1757;1758;1996;1997;1998
2024,14,120,2967,verified,True,962,1608,59.82587064676616,MC,23.284823284823286,S02,1759;1905;2271
2024,14,120,2968,verified,True,1609,2524,63.74801901743265,MC,18.769422001243008,S02,1760;1761;1906;1907
2024,14,120,2969,verified,False,8683,13943,62.274976690812586,MC,34.76908902453069,S02,1762;1763;1764;1765;1908;1909;1910;1911;1912;1913;1914;1999;2000;2001;2272;2273;2274;2275;2276
2024,14,120,2970,verified,True,1401,2073,67.58321273516643,MC,24.33975731620271,S02,1766;1767;2002
2024,14,120,2971,verified,True,824,1223,67.37530662305805,MC,21.480582524271842,S02,1768;2003
2024,14,120,2972,verified,True,1019,2371,42.9776465626318,MC,23.454367026496563,S02,1769;1770;1915;2004
2024,14,120,2973,verified,True,972,1578,61.59695817490495,MC,20.679012345679013,S02,2277;2278;2279
2024,14,120,2974,verified,True,1129,1653,68.30006049606776,MC,24.62356067316209,S02,2005;2280;2281
2024,14,120,2975,verified,True,915,1955,46.80306905370844,MC,26.775956284153008,S02,2006;2007;2282
2024,14,120,2977,verified,True,807,1381,58.43591600289645,MC,18.95910780669145,S02,1771;1772
2024,14,120,2978,verified,True,683,1155,59.134199134199136,MC,9.809663250366032,S02,2283;2284
2024,14,120,2979,verified,True,2238,3513,63.7062339880444,MC,31.680071492403933,S02,1916;1917;2008;2285;2286
2024,14,120,2980,verified,True,1476,2264,65.19434628975264,MC,30.826558265582655,S02,1773;1918;1919;2287
2024,14,120,2981,verified,True,1954,2715,71.97053406998158,MC,35.77277379733879,S02,1774;1775;1920;2288
2024,14,120,2982,verified,True,1229,1835,66.97547683923706,MC,27.583401139137507,S02,1776;1921;2289
2024,14,120,2983,verified,True,2029,3352,60.53102625298329,MC,19.96057171020207,S02,1777;1778;2009;2010;2162
2024,14,120,2984,verified,True,1865,3044,61.26806833114323,MC,22.89544235924933,S02,1922;1923;2011;2012;2013
2024,14,120,2985,verified,True,2547,4657,54.69186171354949,MC,8.67687475461327,S02,1924;1925;2014;2015;2016;2017;2163
2024,14,120,2986,verified,True,2009,3108,64.63963963963964,MC,21.652563464410154,S02,1926;1927;2018;2019;2164
2024,14,120,2987,verified,True,2095,3289,63.69717239282456,MC,19.236276849642007,S02,1928;2020;2165;2166;2167
2024,14,120,2988,verified,True,1217,1986,61.278952668680766,MC,16.68036154478225,S02,1779;2021;2022
2024,14,120,2989,verified,True,3234,4908,65.89242053789731,MC,16.3265306122449,S02,1929;1930;2023;2024;2168;2169;2170
2024,14,120,2990,verified,True,1073,1779,60.31478358628443,MC,14.818266542404473,S02,1931;2082;2171
2024,14,120,2991,verified,True,1091,2217,49.2106450157871,MC,6.416131989000917,S02,2025;2083;2172
2024,14,120,2992,verified,True,1169,2273,51.42982842058953,MC,7.698887938408896,S02,1780;2084;2085;2173
2024,14,120,2993,verified,True,3522,8668,40.63221042916474,MORENA,1.306076093128904,S02,1781;1782;1783;1784;1785;2026;2027;2028;2086;2087;2174;2175
2024,14,120,2994,verified,True,1487,2557,58.154086820492765,MC,4.572965702757229,S02,2029;2030;2088;2176
2024,14,120,2995,verified,True,1129,2306,48.959236773634,MC,7.263064658990256,S02,2031;2032;2089;2177
2024,14,120,2996,verified,True,1268,2489,50.944154278826836,MC,1.1829652996845426,S02,1786;2033;2090;2178
2024,14,120,2997,verified,True,926,1492,62.06434316353887,MC,5.183585313174946,S02,1787;1788
2024,14,120,2998,verified,True,1166,2150,54.23255813953488,MORENA,0.6861063464837049,S02,1789;2091;2179
2024,14,120,2999,verified,True,1322,2598,50.88529638183218,MORENA,7.413010590015129,S02,1790;2034;2092;2128
2024,14,120,3000,verified,True,1618,3720,43.494623655913976,MORENA,16.00741656365884,S02,1791;2035;2093;2094;2129
2024,14,120,3001,verified,True,3102,7177,43.2214016998746,MORENA,3.5138620245003223,S02,1792;1793;1794;1795;2036;2037;2095;2096;2130;2131
2024,14,120,3002,verified,True,2154,4440,48.51351351351351,MC,4.3175487465181055,S02,1796;1797;1798;2038;2039;2097
2024,14,120,3003,verified,True,1623,3543,45.808636748518204,MORENA,1.6019716574245224,S02,1799;2040;2041;2098;2132
2024,14,120,3004,verified,True,2256,4595,49.0968443960827,MC,6.294326241134751,S02,1800;1801;2042;2043;2099;2100;2133
2024,14,120,3005,verified,True,3017,5512,54.73512336719884,MC,12.661584355319855,S02,1802;1803;1804;2044;2101;2102;2103;2134
2024,14,120,3007,verified,False,3893,9777,39.817940063414134,MORENA,6.498844079116363,S02,1805;1806;1807;1808;1809;2045;2046;2104;2105;2106;2135;2136;2137;2138
2024,14,120,3008,verified,True,1802,4424,40.732368896925855,MORENA,4.495005549389567,S02,1810;2047;2107;2108;2139;2140
2024,14,120,3009,verified,True,1810,4798,37.72405168820342,MORENA,8.232044198895029,S02,1811;1812;1813;2048;2049;2050;2109
2024,14,120,3010,verified,True,1849,4342,42.584062643942886,MORENA,6.5440778799351005,S02,1814;2051;2110;2111;2141;2142
2024,14,120,3011,verified,True,1609,3713,43.33423107998923,MORENA,6.836544437538844,S02,2112;2113;2114;2115;2143
2024,14,120,3012,verified,True,2104,5443,38.655153408047035,MORENA,4.610266159695818,S02,1815;1816;2052;2053;2144;2145;2146;2147
2024,14,120,3013,verified,False,3887,9444,41.158407454468446,MORENA,2.366863905325444,S02,1817;1818;1819;1820;1821;2054;2116;2117;2148;2149;2150;2151;2152
2024,14,120,3014,verified,True,2346,7095,33.06553911205074,MORENA,1.278772378516624,S02,1822;2055;2056;2057;2058;2059;2068;2069;2070;2153
2024,14,120,3015,verified,False,3667,9183,39.93248393771099,MORENA,6.1903463321516226,S02,1823;1824;1825;2060;2061;2062;2063;2071;2072;2154;2155;2156;2157
2024,14,120,3016,verified,True,2274,4817,47.20780568818767,MC,0.04397537379067722,S02,1826;1827;2064;2073;2074;2158;2159
2024,14,120,3017,verified,True,2049,5919,34.61733400912316,MORENA,7.906295754026354,S02,2065;2066;2067;2075;2076;2077;2160;2161
2024,14,120,3018,verified,False,4038,10318,39.135491374297345,MC,2.4764735017335315,S02,2887;2888;2889;2968;2969;2970;2971;2972;3007;3008;3074;3075;3076;3077
2024,14,120,3019,verified,False,5844,12912,45.260223048327134,MC,16.34154688569473,S02,2890;2891;2892;2893;2894;2973;2974;3009;3010;3011;3012;3013;3078;3079;3080;3081;3254;3255
2024,14,120,3020,verified,False,6523,11387,56.73136032317555,MC,24.130001533036946,S02,2920;2921;2975;2976;2977;3014;3082;3083;3084;3256;3257;3258;3259;3260;3261;3262;3263
2024,14,120,3021,verified,True,1927,3428,56.21353558926487,MC,28.90503373118837,S02,2922;2978;3085;3086;3087
2024,14,120,3022,verified,True,2581,5294,48.75330562901398,MC,10.151104223169314,S02,2923;2924;2925;2926;2979;2980;3088;3264
2024,14,120,3023,verified,False,4896,13016,37.61524277811924,MC,2.185457516339869,S02,2927;2928;2929;2981;2982;2983;2984;2985;2986;2987;2988;2989;2990;3089;3090;3265;3266;3267
2024,14,120,3025,verified,True,194,455,42.637362637362635,MC,54.63917525773196,S02,3268
2024,14,120,3027,verified,True,585,1362,42.951541850220266,MORENA,3.2478632478632483,S02,2930;3091
2024,14,120,3028,verified,True,1353,4829,28.018223234624145,MORENA,6.208425720620843,S02,2931;2932;2933;3092;3093;3269;3270
2024,14,120,3029,verified,True,5260,7832,67.16036772216547,MC,46.08365019011407,S02,2934;2991;2992;2993;2994;2995;2996;3094;3095;3271;3272
2024,14,120,3031,verified,True,1265,2443,51.78059762586983,MORENA,0.15810276679841898,S02,2935;2997;3096;3273
2024,14,120,3033,verified,False,7852,13244,59.158864391422526,MC,36.130922058074376,S02,2936;2937;2938;2939;2940;2941;2942;2943;2998;2999;3000;3097;3098;3274;3275;3276;3277;3278;3279
2024,14,120,3034,verified,True,8,1394,0.5738880918220948,,0.0,S02,2944;2945
2024,14,120,3035,verified,True,678,1179,57.50636132315522,MC,17.846607669616517,S02,2946;3280
2024,14,120,3036,verified,True,1124,1721,65.31086577571179,MC,25.444839857651246,S02,2947;3001;3281
2024,14,120,3037,verified,True,1257,1862,67.50805585392051,MC,32.4582338902148,S02,2948;3099;3282
2024,14,120,3038,verified,True,1298,1988,65.29175050301811,MC,24.345146379044685,S02,3100;3101;3283
2024,14,120,3039,verified,True,1066,1612,66.12903225806451,MC,23.452157598499063,S02,3002;3284;3285
2024,14,120,3040,verified,True,782,1345,58.141263940520446,MC,7.161125319693094,S02,3286;3287
2024,14,120,3041,verified,True,633,979,64.65781409601634,MC,8.372827804107425,S02,3102;3288
2024,14,120,3042,verified,True,932,1551,60.0902643455835,MC,12.124463519313304,S02,2949;3103;3104
2024,14,120,3043,verified,True,570,1031,55.28612997090203,MC,5.43859649122807,S02,2950;3105
2024,14,120,3044,verified,True,404,596,67.78523489932886,MC,5.693069306930694,S02,2951
2024,14,120,3045,verified,True,381,1302,29.262672811059907,MC,0.5249343832020997,S02,3003;3106
2024,14,120,3046,verified,True,1864,2940,63.40136054421769,MC,26.394849785407725,S02,2952;3004;3005;3289
2024,14,120,3047,verified,True,529,864,61.22685185185185,MC,9.829867674858223,S02,3107;3108
2024,14,120,3048,verified,True,2450,4097,59.79985355137906,MC,22.693877551020407,S02,2953;2954;2955;3006;3290;3291
2024,14,120,3049,verified,True,976,1864,52.36051502145923,MC,9.426229508196721,S02,3109;3110;3292
2024,14,120,3050,verified,True,851,1453,58.56847900894701,MC,5.7579318448883665,S02,5320;5444
2024,14,120,3051,verified,True,681,1193,57.08298407376362,MC,1.6152716593245229,S02,5321;5322
2024,14,120,3052,verified,True,962,1796,53.56347438752784,MC,14.864864864864865,S02,5193;5445;5492
2024,14,120,3053,verified,True,1171,2210,52.98642533936652,MC,11.101622544833475,S02,5323;5324;5493
2024,14,120,3054,verified,True,814,1444,56.371191135734065,MC,12.530712530712531,S02,5194;5494
2024,14,120,3055,verified,True,654,1256,52.07006369426752,MC,8.715596330275229,S02,5325;5326
2024,14,120,3056,verified,True,691,1386,49.855699855699854,MC,4.196816208393632,S02,5195;5446
2024,14,120,3057,verified,True,582,1051,55.37583254043768,MC,1.718213058419244,S02,5196;5495
2024,14,120,3058,verified,True,921,1671,55.11669658886894,MC,9.446254071661238,S02,5197;5327;5447
2024,14,120,3059,verified,True,712,1405,50.6761565836299,MC,8.98876404494382,S02,2956;3300
2024,14,120,3060,verified,True,278,849,32.744405182567725,MC,2.158273381294964,S02,3070;3301
2024,14,120,3061,verified,True,1057,2240,47.1875,MC,10.21759697256386,S02,2957;3071;3302
2024,14,120,3062,verified,True,665,1379,48.223350253807105,MC,13.233082706766917,S02,2958;2963
2024,14,120,3063,verified,True,733,1396,52.50716332378224,MORENA,1.5006821282401093,S02,3303;3304
2024,14,120,3064,verified,True,990,1862,53.16863587540279,MC,15.151515151515152,S02,2959;2960;2964
2024,14,120,3065,verified,True,1610,2508,64.1945773524721,MC,37.7639751552795,S02,2961;2965;3072;3305
2024,14,120,3066,verified,True,925,1298,71.26348228043143,MC,24.43243243243243,S02,2962;3073
2024,14,120,3067,verified,True,2530,3199,79.08721475461081,MC,68.81422924901186,S02,5278;5279;5483;5484;5485
2024,14,120,3068,verified,False,4740,7709,61.48657413412894,MC,65.25316455696203,S02,5192;5280;5281;5282;5283;5284;5408;5409;5410;5486;5487
2024,14,120,3069,verified,True,1734,2335,74.26124197002142,MC,62.11072664359861,S02,5411;5412;5488;5489
2024,14,120,3070,verified,True,615,1111,55.355535553555356,MC,16.910569105691057,S02,5285;5490
2024,14,120,3071,verified,True,858,1940,44.22680412371134,MC,27.03962703962704,S02,5286;5413;5414
2024,14,120,3072,verified,True,746,1183,63.06001690617076,MC,30.29490616621984,S02,5287;5491
2024,14,120,3073,verified,True,841,1395,57.34767025089605,MC,31.747919143876334,S02,1944;1945;2078
2024,14,120,3074,verified,True,1840,2623,70.14868471216164,MC,53.858695652173914,S02,5117;5118;5415;5416
2024,14,120,3075,verified,True,1377,1979,69.58059626073775,MC,50.326797385620914,S02,1946;2079;2125
2024,14,120,3076,verified,True,1768,2313,76.43752702118461,MC,66.7420814479638,S02,2080;2081;2126;2217
2024,14,120,3077,verified,True,1913,2551,74.99019992159937,MC,67.11970726607423,S02,5417;5498;5499;5500
2024,14,120,3078,verified,True,1592,2119,75.12977819726287,MC,47.675879396984925,S02,5328;5501;5502
2024,14,120,3079,verified,True,2344,3192,73.43358395989975,MC,56.868600682593865,S02,5198;5199;5200;5503;5504
2024,14,120,3080,verified,True,2194,2961,74.09658899020602,MC,66.40838650865997,S02,5201;5202;5329;5505
2024,14,120,3081,verified,True,1444,1990,72.56281407035175,MC,55.47091412742382,S02,5203;5330;5331
2024,14,120,3082,verified,True,1660,2115,78.4869976359338,MC,59.21686746987952,S02,5204;5332;5333
2024,14,120,3083,verified,True,1675,2145,78.08857808857809,MC,59.22388059701492,S02,5205;5334;5506
2024,14,120,3084,verified,True,1141,1517,75.21423862887278,MC,47.94040315512708,S02,5335;5418;5507
2024,14,120,3085,verified,True,1046,1668,62.70983213429256,MC,41.586998087954115,S02,5206;5207;5419
2024,14,120,3088,verified,True,1099,1408,78.05397727272727,MC,55.32302092811647,S02,5208;5420
2024,14,120,3089,verified,True,710,977,72.67144319344933,MC,46.33802816901408,S02,5421;5508
2024,14,120,3090,verified,True,1222,1652,73.97094430992736,MC,55.48281505728314,S02,5336;5337;5422
2024,14,120,3091,verified,True,1311,1772,73.9841986455982,MC,51.86880244088482,S02,5209;5423;5509
2024,14,120,3092,verified,True,1293,1682,76.87277051129607,MC,47.409126063418405,S02,5210;5338;5510
2024,14,120,3093,verified,True,1213,1615,75.10835913312694,MC,50.37098103874691,S02,5339;5340;5511
2024,14,120,3094,verified,True,1416,1918,73.82690302398332,MC,21.680790960451976,S02,5341;5342;5512
2024,14,120,3095,verified,True,1350,2091,64.56241032998565,MC,46.22222222222222,S02,5211;5343;5513
2024,14,120,3096,verified,True,824,1451,56.78842177808407,MC,12.135922330097088,S02,5424;5425
2024,14,120,3097,verified,True,2674,3689,72.48576850094877,MC,51.72026925953628,S02,5212;5344;5345;5426;5514
2024,14,120,3098,verified,True,1360,2150,63.25581395348837,MC,27.86764705882353,S02,5213;5214;5346
2024,14,120,3100,verified,True,2295,3222,71.22905027932961,MC,48.75816993464052,S02,5215;5347;5427;5428;5515
2024,14,120,3101,verified,True,1485,1968,75.45731707317073,MC,36.16161616161616,S02,5348;5349;5516
2024,14,120,3102,verified,True,1048,1400,74.85714285714286,MC,42.74809160305343,S02,5216;5350
2024,14,120,3103,verified,True,1995,2674,74.60732984293193,MC,46.416040100250626,S02,5217;5351;5352;5517
2024,14,120,3104,verified,True,1446,1993,72.55393878575013,MC,50.96818810511756,S02,5218;5353;5429
2024,14,120,3105,verified,True,1998,2772,72.07792207792207,MC,44.4944944944945,S02,5219;5354;5430;5518
2024,14,120,3106,verified,True,1610,2098,76.73975214489991,MC,50.559006211180126,S02,5220;5431;5519
2024,14,120,3107,verified,True,1312,1677,78.23494335122241,MC,57.393292682926834,S02,5355;5520;5521
2024,14,120,3108,verified,True,987,1448,68.16298342541437,MC,36.67679837892604,S02,5221;5356
2024,14,120,3109,verified,True,800,1027,77.89678675754625,MC,53.625,S02,5222;5432
2024,14,120,3110,verified,True,1700,2199,77.30786721236926,MC,41.588235294117645,S02,5223;5357;5433
2024,14,120,3111,verified,False,6142,8452,72.39706578324657,MC,47.32985998046239,S02,5224;5225;5226;5227;5228;5358;5359;5434;5435;5436;5437;5522;5523;5524
2024,14,120,3112,verified,True,2756,3554,77.5464265616207,MC,49.41944847605225,S02,5229;5360;5438;5525;5526
2024,14,120,3113,verified,True,3262,4425,73.71751412429379,MC,44.35928877988964,S02,5230;5361;5439;5440;5527;5528
2024,14,120,3114,verified,False,5677,8074,70.31211295516474,MC,39.51030473841818,S02,5231;5232;5233;5249;5250;5251;5441;5442;5529;5530;5531
2024,14,120,3115,verified,True,1352,2037,66.37211585665193,MC,39.94082840236686,S02,5234;5252;5443
2024,14,120,3117,verified,True,887,2662,33.32081141998498,MC,11.048478015783541,S02,2903;3244;3245;3246
2024,14,120,3118,verified,True,1804,4006,45.03245132301548,MC,8.481152993348115,S02,2904;2966;2967;3035;3247;3248
2024,14,120,3119,verified,True,2504,6443,38.553468880956075,MC,11.78115015974441,S02,6430;6469;6470;6471;6472;6499;6500;6501;6502;6666;6667
2024,14,120,3120,verified,True,2173,4855,44.75798146240989,MC,3.359410952600092,S02,5235;5236;5237;5253;5381;5532;5533
2024,14,120,3121,verified,True,2707,5374,50.372162262746556,MC,2.6967122275581823,S02,5238;5239;5240;5241;5242;5382;5383;5534
2024,14,120,3122,verified,True,3148,6041,52.1105777189207,MC,5.749682337992376,S02,5254;5255;5256;5257;5258;5384;5535;5536;5537
2024,14,120,3123,verified,True,1090,1488,73.25268817204301,MC,45.96330275229358,S02,5243;5538
2024,14,120,3124,verified,True,760,2010,37.81094527363184,MC,8.157894736842106,S02,5385;5539;5540
2024,14,120,3125,verified,True,1296,1944,66.66666666666666,MC,27.23765432098765,S02,5259;5541;5542
2024,14,120,3126,verified,True,3730,5390,69.20222634508349,MC,42.43967828418231,S02,5244;5245;5260;5261;5386;5387;5388;5389
2024,14,120,3127,verified,True,831,1236,67.23300970873787,MC,21.058965102286404,S02,5246;5262
2024,14,120,3128,verified,True,433,1278,33.881064162754306,MC,33.02540415704388,S02,5390;5391
2024,14,120,3129,verified,True,1362,2916,46.70781893004115,MC,11.820851688693098,S02,5247;5248;5392;5393
2024,14,120,3130,verified,True,1353,2121,63.7906647807638,MC,10.495195861049519,S02,5140;5394;5543
2024,14,120,3131,verified,True,1047,1485,70.5050505050505,MC,25.59694364851958,S02,5263;5395
2024,14,120,3132,verified,True,2694,3970,67.85894206549118,MC,38.41870824053452,S02,5264;5396;5397;5398;5399;5544
2024,14,120,3133,verified,True,1682,2304,73.00347222222221,MC,47.02734839476813,S02,5141;5265;5400;5545
2024,14,120,3134,verified,True,972,1270,76.53543307086615,MC,54.83539094650206,S02,5401;5546
2024,14,120,3135,verified,True,1054,1394,75.60975609756098,MC,47.81783681214421,S02,5291;5402
2024,14,120,3136,verified,True,823,1146,71.8150087260035,MC,44.8359659781288,S02,5142;5547
2024,14,120,3137,verified,True,923,1401,65.88151320485368,MC,36.728060671722645,S02,5548;5549
2024,14,120,3138,verified,True,915,1230,74.39024390243902,MC,58.142076502732245,S02,5143;5266
2024,14,120,3139,verified,True,1003,1331,75.35687453042826,MC,48.753738783649055,S02,5267;5550
2024,14,120,3140,verified,True,1012,1310,77.25190839694656,MC,52.37154150197628,S02,5144;5145
2024,14,120,3141,verified,True,990,1259,78.63383637807783,MC,55.55555555555556,S02,5268;5551
2024,14,120,3142,verified,True,768,1028,74.70817120622569,MC,58.203125,S02,5146;5552
2024,14,120,3143,verified,True,1081,1380,78.33333333333333,MC,62.904717853839045,S02,5553;5554
2024,14,120,3144,verified,True,1324,1768,74.8868778280543,MC,46.75226586102719,S02,5147;5269;5270
2024,14,120,3145,verified,True,1597,2179,73.29050022946305,MC,38.82279273638071,S02,5271;5292;5293
2024,14,120,3146,verified,True,1057,1401,75.44610992148465,MC,33.964049195837276,S02,5148;5555
2024,14,120,3147,verified,True,3672,5155,71.2318137730359,MC,45.86056644880174,S02,5149;5272;5294;5295;5296;5297;5556
2024,14,120,3148,verified,True,1567,2627,59.649790635706125,MC,19.272495213784303,S02,5273;5274;5557;5558
2024,14,120,3149,verified,True,1711,2358,72.56149279050042,MC,40.50263004091175,S02,5275;5276;5298;5299
2024,14,120,3150,verified,True,1190,2182,54.53712190650779,MC,6.218487394957983,S02,5150;5151;5277
2024,14,120,3151,verified,True,2334,4251,54.90472829922371,MC,6.169665809768637,S02,5152;5153;5154;5155;5300;5559
2024,14,120,3153,verified,True,2355,5892,39.96945010183299,MC,1.9957537154989384,S02,6428;6429;6468;6488;6489;6490;6491;6659
2024,14,120,3155,verified,True,2472,5349,46.214245653393164,MORENA,2.144012944983819,S02,5156;5157;5174;5175;5176;5362;5560;5561
2024,14,120,3156,verified,True,1843,3989,46.202055653045875,MC,1.3564839934888768,S02,5158;5177;5178;5179;5180;5562
2024,14,120,3157,verified,True,2639,5728,46.07192737430167,MC,9.208033345964381,S02,5159;5181;5182;5183;5363;5563;5564;5565
2024,14,120,3158,verified,True,2623,5187,50.56872951609793,MC,5.146778497903164,S02,5160;5161;5184;5185;5186;5364;5365
2024,14,120,3159,verified,True,2199,4371,50.30885380919698,MC,14.142792178262848,S02,5162;5163;5164;5165;5366;5367
2024,14,120,3160,verified,True,2075,3609,57.49515101136049,MC,9.397590361445783,S02,5166;5167;5168;5169;5566
2024,14,120,3161,verified,True,2342,3141,74.56224132441898,MC,42.527754056362085,S02,5368;5369;5370;5567;5568
2024,14,120,3162,verified,True,1483,1980,74.8989898989899,MC,44.841537424140256,S02,5569;5570;5571
2024,14,120,3163,verified,True,1494,2047,72.98485588666341,MC,39.49129852744311,S02,5170;5187;5572
2024,14,120,3164,verified,True,749,1070,70.0,MC,48.73164218958612,S02,5171;5371
2024,14,120,3165,verified,True,655,876,74.77168949771689,MC,42.900763358778626,S02,5188;5189
2024,14,120,3166,verified,True,1094,1510,72.45033112582782,MC,45.88665447897623,S02,5172;5173;5372
2024,14,120,3167,verified,True,1380,1948,70.84188911704312,MC,46.15942028985508,S02,5190;5573;5574
2024,14,120,3168,verified,True,2300,3150,73.01587301587301,MC,48.52173913043478,S02,5060;5191;5373;5452;5453
2024,14,120,3169,verified,True,897,1172,76.53583617747441,MC,47.71460423634337,S02,5061;5454
2024,14,120,3170,verified,True,1070,1999,53.52676338169084,MC,37.75700934579439,S02,5062;5063;5455
2024,14,120,3171,verified,True,968,1301,74.4043043812452,MC,44.52479338842975,S02,5064;5374
2024,14,120,3173,verified,True,1551,2405,64.49064449064448,MC,20.889748549323016,S02,5065;5066;5119;5456
2024,14,120,3174,verified,True,1086,1813,59.90071704357418,MC,6.537753222836096,S02,5067;5301;5457
2024,14,120,3175,verified,True,1085,1881,57.68208399787347,MC,8.755760368663594,S02,5068;5120;5121
2024,14,120,3176,verified,True,1168,1736,67.2811059907834,MC,26.96917808219178,S02,5069;5302;5458
2024,14,120,3177,verified,True,1211,1642,73.75152253349574,MC,39.058629232039635,S02,5122;5303;5459
2024,14,120,3178,verified,True,514,1385,37.111913357400724,MC,45.91439688715953,S02,5070;5123
2024,14,120,3179,verified,True,1195,1611,74.17752948479206,MC,32.46861924686193,S02,5071;5304;5460
2024,14,120,3180,verified,True,1141,1549,73.6604260813428,MC,31.025416301489923,S02,5124;5305;5306
2024,14,120,3181,verified,True,908,1294,70.17001545595053,MC,42.180616740088105,S02,5072;5307
2024,14,120,3182,verified,True,909,1196,76.00334448160535,MC,46.094609460946096,S02,5125;5308
2024,14,120,3183,verified,True,1004,1169,70.05988023952095,MC,48.505976095617534,S02,5073;5126;5461;5462
2024,14,120,3184,verified,True,792,1042,76.00767754318618,MC,36.74242424242424,S02,5127;5309
2024,14,120,3185,verified,True,1002,1286,77.91601866251943,MC,50.199600798403196,S02,5310;5463
2024,14,120,3186,verified,True,1215,1644,73.90510948905109,MC,48.39506172839506,S02,5128;5311;5464
2024,14,120,3187,verified,True,1804,2632,68.54103343465046,MC,44.45676274944568,S02,5074;5129;5130;5465
2024,14,120,3188,verified,True,1513,2009,75.311100049776,MC,51.94976867151355,S02,5131;5312;5313
2024,14,120,3189,verified,True,1201,1586,75.72509457755359,MC,54.70441298917569,S02,5075;5132;5314
2024,14,120,3190,verified,True,999,1438,69.47148817802503,MC,27.427427427427425,S02,5133;5134
2024,14,120,3191,verified,True,772,1056,73.10606060606061,MC,41.06217616580311,S02,5076;5135
2024,14,120,3192,verified,True,751,1239,60.613397901533496,MC,22.37017310252996,S02,5077;5136
2024,14,120,3193,verified,True,701,985,71.16751269035532,MC,17.546362339514978,S02,5137;5466
2024,14,120,3194,verified,True,1098,1489,73.74076561450637,MC,28.59744990892532,S02,5078;5467
2024,14,120,3195,verified,True,1131,1499,75.45030020013343,MC,40.49513704686119,S02,5079;5468
2024,14,120,3196,verified,True,1143,1531,74.65708687132593,MC,42.082239720035,S02,5138;5315;5469
2024,14,120,3197,verified,True,1180,1682,70.15457788347206,MC,35.16949152542373,S02,5080;5081;5139
2024,14,120,3198,verified,True,1131,2075,54.506024096385545,MC,13.262599469496022,S02,5316;5317;5470
2024,14,120,3200,verified,True,621,1000,62.1,MC,18.19645732689211,S02,5116;5318
2024,14,120,3205,verified,True,1006,1384,72.6878612716763,MC,38.56858846918489,S02,5059;5451
2024,14,120,3206,verified,True,2144,3791,56.554998681086786,MC,14.832089552238806,S02,6336;6459;6460;6484;6652;6653
2024,14,120,3207,verified,True,672,1370,49.051094890510946,MORENA,13.839285714285715,S02,6337;6485
2024,14,120,3208,verified,True,1480,2759,53.64262413918086,MC,5.405405405405405,S02,6461;6462;6463;6654
2024,14,120,3209,verified,True,867,1684,51.48456057007126,MC,0.8073817762399077,S02,6464;6465;6655
2024,14,120,3210,verified,True,1622,3047,53.2326878897276,MC,6.288532675709001,S02,5375;5471;5472;5473;5474
2024,14,120,3211,verified,True,1135,3357,33.80994935954721,MORENA,3.700440528634361,S02,5112;5113;5376;5377;5378
2024,14,120,3212,verified,True,1992,3511,56.735972657362574,MC,13.50401606425703,S02,5082;5083;5084;5085;5114
2024,14,120,3213,verified,True,3013,5488,54.90160349854227,MC,21.307666777298373,S02,5086;5087;5088;5089;5115;5379;5475;5476
2024,14,120,3214,verified,True,1106,2401,46.06413994169096,MC,6.871609403254973,S02,6315;6316;6431;6619
2024,14,120,3216,verified,True,2289,4653,49.19406834300452,MC,9.960681520314548,S02,6317;6318;6319;6432;6433;6434;6620
2024,14,120,3217,verified,True,2660,4423,60.14017635089306,MC,31.278195488721806,S02,6320;6435;6473;6474;6475;6621
2024,14,120,3218,verified,True,1304,1920,67.91666666666667,MC,47.392638036809814,S02,6321;6436;6476
2024,14,120,3219,verified,True,5262,6883,76.44922272265,MC,54.33295324971493,S02,6322;6323;6324;6437;6438;6439;6622;6623;6624;6625
2024,14,120,3220,verified,True,1140,1513,75.34699272967615,MC,50.26315789473684,S02,6440;6477;6626
2024,14,120,3221,verified,True,893,1488,60.01344086021505,MC,8.174692049272117,S02,6441;6478
2024,14,120,3222,verified,True,1221,2270,53.78854625550661,MC,4.504504504504505,S02,6325;6442;6443;6627
2024,14,120,3223,verified,True,2338,4761,49.10733039277463,MC,6.715141146278871,S02,6326;6479;6480;6628;6629;6630;6631
2024,14,120,3224,verified,True,1222,2084,58.63723608445297,MC,7.855973813420622,S02,6327;6444;6632
2024,14,120,3225,verified,True,3418,7473,45.737990097685,MC,9.391456992393213,S02,6328;6329;6445;6446;6481;6482;6483;6633;6634;6635
2024,14,120,3226,verified,False,7757,18277,42.441319691415444,MC,15.315199174938765,S02,2839;2840;2841;2842;2843;2844;2845;2905;2906;2907;2908;2909;2910;3015;3016;3017;3018;3019;3020;3021;3216;3217;3218;3219;3220
2024,14,120,3227,verified,True,898,1968,45.63008130081301,MORENA,0.4454342984409799,S02,2846;3022;3221
2024,14,120,3228,verified,True,906,1826,49.61664841182913,MORENA,4.525386313465784,S02,3023;3024;3222
2024,14,120,3229,verified,True,1257,2730,46.043956043956044,MC,3.261734287987271,S02,2847;2848;3025;3223
2024,14,120,3230,verified,True,1667,3278,50.854179377669304,MC,8.938212357528494,S02,2911;2912;3026;3027;3224
2024,14,120,3231,verified,False,4547,7848,57.938328236493376,MC,33.20870903892676,S02,2849;2850;2913;2914;2915;3028;3029;3030;3225;3226;3227
2024,14,120,3232,verified,True,163,332,49.096385542168676,MC,42.331288343558285,S02,3228
2024,14,120,3233,verified,True,3030,3825,79.2156862745098,MC,66.17161716171617,S02,2851;2852;2916;3031;3032;3033
2024,14,120,3234,verified,True,2066,4244,48.68049010367578,MC,11.907066795740562,S02,2853;2854;2917;2918;2919;3034
2024,14,120,3235,verified,True,3587,6692,53.60131500298865,MC,20.211876219682186,S02,6330;6331;6332;6333;6447;6448;6492;6656;6657
2024,14,120,3236,verified,True,1375,2470,55.66801619433198,MC,11.854545454545455,S02,6334;6335;6449;6493
2024,14,120,3237,verified,True,1845,2306,80.00867302688638,MC,58.48238482384824,S02,6450;6494;6495;6658
2024,14,120,3363,verified,True,296,906,32.671081677704194,MC,23.986486486486484,S02,2855;3317
2024,14,120,3364,verified,True,350,533,65.66604127579737,MC,23.714285714285715,S02,3167
2024,14,120,3365,verified,True,549,910,60.32967032967033,MC,20.58287795992714,S02,3318;3319
2024,14,120,3366,verified,True,530,856,61.915887850467286,MC,23.58490566037736,S02,2856;2857
2024,14,120,3367,verified,True,464,743,62.44952893674294,MC,21.551724137931032,S02,2869
2024,14,120,3368,verified,True,587,865,67.86127167630059,MC,23.509369676320272,S02,2858;2870
2024,14,120,3369,verified,True,694,1100,63.090909090909086,MC,17.86743515850144,S02,2871;2872
2024,14,120,3370,verified,True,660,965,68.39378238341969,MC,39.54545454545455,S02,2859;3320
2024,14,120,3371,verified,True,671,912,73.57456140350878,MC,40.23845007451565,S02,2860;3321
2024,14,120,3372,verified,True,928,1189,78.04878048780488,MC,52.90948275862068,S02,2861;3322
2024,14,120,3373,verified,True,801,1140,70.26315789473684,MC,31.7103620474407,S02,2873;3323
2024,14,120,3374,verified,True,436,1193,36.54652137468567,MC,30.045871559633024,S02,2862;2874
2024,14,120,3375,verified,True,700,972,72.0164609053498,MC,35.14285714285714,S02,2875;3324
2024,14,120,3376,verified,True,526,741,70.98515519568151,MC,33.07984790874524,S02,3168
2024,14,120,3377,verified,True,489,764,64.00523560209425,MC,26.380368098159508,S02,2876;3325
2024,14,120,3378,verified,True,772,1017,75.90953785644051,MC,38.73056994818653,S02,2877;3169
2024,14,120,3379,verified,True,589,824,71.48058252427184,MC,40.91680814940577,S02,2863;3170
2024,14,120,3380,verified,True,601,831,72.3225030084236,MC,42.76206322795341,S02,3171;3326
2024,14,120,3381,verified,True,451,706,63.88101983002833,MC,29.268292682926827,S02,2878
2024,14,120,3382,verified,True,803,1203,66.74979218620116,MC,39.10336239103363,S02,3172;3327
2024,14,120,3383,verified,True,1001,1439,69.56219596942321,MC,34.065934065934066,S02,3173;3174
2024,14,120,3384,verified,True,793,1214,65.32125205930808,MC,23.833543505674655,S02,2864;2879
2024,14,120,3385,verified,True,452,811,55.73366214549939,MC,21.902654867256636,S02,2880;3328
2024,14,120,3386,verified,True,754,1190,63.36134453781512,MC,26.25994694960212,S02,3175;3329
2024,14,120,3387,verified,True,461,861,53.542392566782816,MC,9.327548806941431,S02,3176;3177
2024,14,120,3471,verified,True,891,1089,81.81818181818183,MC,51.96408529741863,S02,1838;2200
2024,14,120,3472,verified,True,564,763,73.91874180865007,MC,48.40425531914894,S02,1852;2118
2024,14,120,3473,verified,True,939,1291,72.73431448489544,MC,45.15441959531417,S02,2119;2201
2024,14,120,3474,verified,True,351,511,68.68884540117418,MC,15.0997150997151,S02,2120
2024,14,120,3475,verified,True,1028,1552,66.23711340206185,MC,26.361867704280158,S02,1853;2121;2202
2024,14,120,3476,verified,True,853,1373,62.126729788783685,MC,22.626025791324736,S02,1854;2203
2024,14,120,3477,verified,True,972,1383,70.28199566160521,MC,41.8724279835391,S02,2204;2205
2024,14,120,3478,verified,True,772,1072,72.01492537313433,MC,35.880829015544045,S02,1839;2122
2024,14,120,3479,verified,True,540,917,58.88767720828789,MC,20.925925925925924,S02,1855;1856
2024,14,120,3480,verified,True,855,1320,64.77272727272727,MC,24.678362573099417,S02,1840;1841
2024,14,120,3481,verified,True,914,1141,80.10517090271692,MC,49.89059080962801,S02,1842;2206
2024,14,120,3482,verified,True,735,1170,62.82051282051282,MC,27.755102040816325,S02,1857;1858
2024,14,120,3483,verified,True,734,1070,68.5981308411215,MC,32.42506811989101,S02,2207;2208
2024,14,120,3484,verified,True,511,702,72.79202279202279,MC,41.291585127201564,S02,1859
2024,14,120,3485,verified,True,521,744,70.02688172043011,MC,35.50863723608445,S02,1843
2024,14,120,3486,verified,True,792,968,81.81818181818183,MC,61.994949494949495,S02,1844;2209
2024,14,120,3487,verified,True,1080,1403,76.97790449037775,MC,43.888888888888886,S02,1845;2210
2024,14,120,3488,verified,True,1011,1446,69.91701244813278,MC,35.410484668644905,S02,1860;2123
2024,14,120,3489,verified,True,624,853,73.1535756154748,MC,46.31410256410257,S02,1846;1861
2024,14,120,3490,verified,True,421,563,74.77797513321492,MC,31.353919239904986,S02,1847
2024,14,120,3491,verified,True,625,792,78.91414141414141,MC,52.0,S02,1848;1849
2024,14,120,3492,verified,True,1002,1347,74.38752783964365,MC,52.19560878243513,S02,1862;1863
2024,14,120,3493,verified,True,844,1110,76.03603603603604,MC,41.11374407582938,S02,1850;2211
2024,14,120,3494,verified,True,548,784,69.89795918367348,MC,35.03649635036496,S02,1851;2124
2024,14,120,3495,verified,True,587,940,62.4468085106383,MC,14.480408858603067,S02,1864;2212
2024,14,120,3496,verified,True,375,515,72.81553398058253,MC,33.33333333333333,S02,3153
2024,14,120,3497,verified,True,614,843,72.83511269276394,MC,34.69055374592834,S02,2881;3154
2024,14,120,3498,verified,True,771,1120,68.83928571428571,MC,32.16601815823606,S02,3050;3155
2024,14,120,3499,verified,True,595,1190,50.0,MC,18.65546218487395,S02,2882;3051
2024,14,120,3500,verified,True,449,937,47.91889007470651,MC,10.913140311804009,S02,2865;3052
2024,14,120,3501,verified,True,554,836,66.26794258373205,MC,20.577617328519857,S02,2883;2884
2024,14,120,3502,verified,True,440,899,48.9432703003337,MC,17.272727272727273,S02,2885;2886
2024,14,120,3503,verified,True,864,1324,65.25679758308158,MC,34.83796296296296,S02,2866;3183
2024,14,120,3504,verified,True,929,1317,70.53910402429764,MC,31.86221743810549,S02,2867;3184
2024,14,120,3505,verified,True,1339,2026,66.09081934846989,MC,33.68185212845407,S02,2868;3156;3293
2024,14,120,3506,verified,True,428,680,62.94117647058823,MC,10.514018691588785,S02,3157
2024,14,120,3507,verified,True,397,767,51.76010430247718,MC,26.448362720403022,S02,3158;3159
2024,14,120,3508,verified,True,464,612,75.81699346405229,MC,39.6551724137931,S02,3160
2024,14,120,3509,verified,True,339,733,46.24829467939973,MC,2.0648967551622417,S02,3053
2024,14,120,3510,verified,True,383,574,66.72473867595818,MC,31.070496083550914,S02,3294
2024,14,120,3511,verified,True,650,1213,53.586150041220115,MC,19.692307692307693,S02,3054;3295
2024,14,120,3512,verified,True,388,725,53.51724137931034,MC,9.278350515463918,S02,3185
2024,14,120,3513,verified,True,396,667,59.37031484257871,MC,8.333333333333332,S02,3161
2024,14,120,3514,verified,True,450,945,47.61904761904761,MORENA,10.222222222222223,S02,3162;3296
2024,14,120,3515,verified,True,576,950,60.631578947368425,MC,26.041666666666668,S02,3186;3297
2024,14,120,3516,verified,True,248,477,51.99161425576519,MC,7.258064516129033,S02,3298
2024,14,120,3517,verified,True,307,669,45.889387144992526,MORENA,7.81758957654723,S02,3163
2024,14,120,3518,verified,True,290,684,42.39766081871345,,,S02,3299
2024,14,120,3519,verified,True,520,1005,51.741293532338304,MC,15.384615384615385,S02,3055;3164
2024,14,120,3520,verified,True,307,549,55.919854280510016,MC,12.703583061889251,S02,3165
2024,14,120,3521,verified,True,617,989,62.38624873609707,MC,22.52836304700162,S02,3187;3249
2024,14,120,3522,verified,True,310,538,57.62081784386617,MC,19.67741935483871,S02,3056
2024,14,120,3523,verified,True,521,833,62.54501800720288,MC,33.78119001919386,S02,3057;3188
2024,14,120,3524,verified,True,715,956,74.7907949790795,MC,51.74825174825175,S02,3058;3166
2024,14,120,3525,verified,True,352,572,61.53846153846154,MC,1.4204545454545454,S02,3250
2024,14,120,3526,verified,True,914,1158,78.92918825561313,MC,44.967177242888404,S02,3059;3189
2024,14,120,3527,verified,True,2607,3505,74.37945791726106,MC,51.285001917913306,S02,3060;3190;3251;3252;3253
2024,14,120,3528,verified,True,876,1133,77.31685789938217,MC,40.75342465753425,S02,2218;2219
2024,14,120,3529,verified,True,329,832,39.543269230769226,MORENA,2.735562310030395,S02,6591;6665
2024,14,120,3530,verified,True,424,1032,41.08527131782946,MORENA,6.367924528301887,S02,6503;6504
2024,14,120,3531,verified,True,538,1179,45.631891433418154,MORENA,3.3457249070631967,S02,5405;5480
2024,14,120,3532,verified,True,0,1077,0.0,,,S02,6590;6718
2024,14,120,3533,verified,True,528,1258,41.971383147853736,MORENA,5.681818181818182,S02,5481;5497
2024,14,120,3534,verified,True,495,1193,41.49203688181056,MC,1.2121212121212122,S02,6660;6719
2024,14,120,3535,verified,True,488,1179,41.39100932994062,MORENA,7.581967213114754,S02,6720;6721
2024,14,120,3536,verified,True,564,1208,46.688741721854306,MORENA,8.156028368794328,S02,6589;6661
2024,14,120,3537,verified,True,495,989,50.05055611729019,MORENA,1.2121212121212122,S02,5406;5482
2024,14,120,3538,verified,True,512,1076,47.58364312267658,MORENA,11.328125,S02,5407;5605
2024,14,120,3539,verified,True,541,1247,43.3841218925421,MC,6.284658040665435,S02,6517;6586
2024,14,120,3540,verified,True,495,1344,36.830357142857146,MC,3.6363636363636362,S02,6587;6662
2024,14,120,3541,verified,True,557,1143,48.731408573928256,MC,11.310592459605028,S02,6588;6714
2024,14,120,3542,verified,True,530,1153,45.96704249783174,MORENA,3.9622641509433962,S02,5496;5591
2024,14,120,3543,verified,True,499,1044,47.79693486590038,MC,5.01002004008016,S02,5603;5604
2024,14,120,3544,verified,True,547,1091,50.13748854262145,MC,8.592321755027422,S02,5380;5592
2024,14,120,3545,verified,True,657,1499,43.829219479653105,MC,9.74124809741248,S02,6752;6753
2024,14,120,3546,verified,True,352,690,51.01449275362319,MORENA,0.2840909090909091,S02,6663
2024,14,120,3547,verified,True,541,1061,50.98963242224317,MC,0.9242144177449169,S02,6496;6664
2024,14,120,3548,verified,True,496,980,50.61224489795918,MC,5.241935483870968,S02,6497;6715
2024,14,120,3560,verified,True,974,1630,59.75460122699386,MC,54.31211498973306,S02,3036;3229;3230
2024,14,120,3561,verified,True,1262,1971,64.02841197361745,MC,55.78446909667195,S02,3143;3144;3231
2024,14,120,3562,verified,True,1565,1905,82.1522309711286,MC,66.90095846645367,S02,3178;3232;3233
2024,14,120,3563,verified,True,1712,2301,74.40243372446761,MC,56.133177570093466,S02,3037;3038;3145;3234
2024,14,120,3564,verified,True,1107,1423,77.79339423752634,MC,65.67299006323395,S02,3039;3179
2024,14,120,3565,verified,True,1226,1588,77.20403022670025,MC,61.174551386623165,S02,3040;3041;3235
2024,14,120,3566,verified,True,1218,1607,75.79340385812073,MC,60.3448275862069,S02,3146;3236;3237
2024,14,120,3567,verified,True,868,1074,80.8193668528864,MC,72.46543778801843,S02,3238;3239
2024,14,120,3568,verified,True,1130,1418,79.68970380818054,MC,77.34513274336283,S02,3147;3148
2024,14,120,3569,verified,True,1837,2390,76.86192468619247,MC,71.25748502994011,S02,3042;3043;3180;3240
2024,14,120,3570,verified,True,1017,1262,80.5863708399366,MC,74.82792527040316,S02,3044;3241
2024,14,120,3571,verified,True,1022,1248,81.89102564102564,MC,74.16829745596868,S02,3045;3149
2024,14,120,3572,verified,True,1426,1900,75.05263157894737,MC,75.31556802244039,S02,3046;3150;3151
2024,14,120,3573,verified,True,809,1301,62.182936202920835,MC,59.45611866501854,S02,3152;3242
2024,14,120,3574,verified,True,518,1083,47.830101569713754,MC,22.586872586872587,S02,3047;3048
2024,14,120,3575,verified,True,459,1003,45.76271186440678,MC,13.507625272331156,S02,3181;3182
2024,14,120,3576,verified,True,297,1330,22.330827067669173,MC,8.754208754208754,S02,3049;3243
2024,14,120,3622,verified,True,1816,3508,51.767388825541616,MC,7.599118942731277,S02,3061;3129;3130;3191;3203
2024,14,120,3623,verified,True,0,549,0.0,,,S02,3204
2024,14,120,3624,verified,True,556,1167,47.64353041988004,MC,9.892086330935252,S02,3192;3205
2024,14,120,3625,verified,True,2811,5004,56.17505995203837,MC,15.439345428673072,S02,3062;3131;3132;3193;3194;3195;3206
2024,14,120,3626,verified,True,1477,2916,50.65157750342936,MC,14.421123899796887,S02,3063;3064;3196;3207
2024,14,120,3627,verified,True,1531,2588,59.15765069551777,MC,33.18092749836708,S02,3065;3133;3197;3208
2024,14,120,3628,verified,True,1884,3114,60.5009633911368,MC,17.8343949044586,S02,3134;3198;3209;3210;3211
2024,14,120,3629,verified,True,1302,2687,48.45552660960178,MC,11.059907834101383,S02,3135;3136;3199;3212
2024,14,120,3630,verified,True,2945,5002,58.8764494202319,MC,26.791171477079796,S02,3066;3067;3068;3137;3138;3200;3213
2024,14,120,3631,verified,True,1136,1623,69.99383857054838,MC,36.971830985915496,S02,3139;3140;3141
2024,14,120,3632,verified,True,1173,1691,69.3672383205204,MC,39.89769820971867,S02,3142;3201;3202
2024,14,120,3633,verified,True,1529,2188,69.88117001828154,MC,41.79202092871158,S02,3069;3214;3215
2024,14,120,3634,verified,True,2221,3818,58.17181770560504,MC,33.13822602431337,S02,6570;6571;6636;6637;6746;6747
2024,14,120,3635,verified,True,2511,3314,75.76946288473144,MC,52.210274790919954,S02,6527;6572;6573;6574;6638
2024,14,120,3636,verified,True,2331,3342,69.74865350089766,MC,46.846846846846844,S02,6528;6575;6576;6577;6578
2024,14,120,3637,verified,True,1899,2830,67.10247349823322,MC,36.17693522906793,S02,6529;6530;6579;6748
2024,14,120,3638,verified,True,1108,1835,60.38147138964578,MC,37.274368231046935,S02,6531;6639;6640
2024,14,120,3639,verified,True,359,976,36.7827868852459,MC,49.58217270194986,S02,6641;6749
2024,14,120,3640,verified,True,1250,3170,39.43217665615142,MC,8.4,S02,6532;6533;6580;6581;6642
2024,14,120,3641,verified,True,1110,2156,51.48423005565863,MC,10.0,S02,6534;6582;6750
2024,14,120,3642,verified,True,1553,1937,80.17552916881776,MC,56.85769478428847,S02,6643;6644;6751
2024,14,120,3643,verified,True,1632,2158,75.62557924003707,MC,49.080882352941174,S02,6583;6584;6585
2024,14,120,3644,verified,True,697,884,78.84615384615384,MC,49.35437589670014,S02,6535;6645
2024,14,120,3652,verified,True,1679,2273,73.86713594368676,MC,44.25253126861227,S02,5403;5477;5478;5593
2024,14,120,3653,verified,True,1065,2041,52.180303772660466,MC,24.131455399061032,S02,5404;5479;5594
2024,14,120,3675,verified,True,1611,2475,65.0909090909091,MC,29.298572315332095,S02,2188;2199;2213;2214
2024,14,120,3678,verified,True,1242,1616,76.85643564356435,MC,55.55555555555556,S02,6486;6743;6744
2024,14,120,3697,verified,True,1163,1556,74.74293059125964,MC,47.54944110060189,S02,2197;2198;2215
2024,14,120,3698,verified,True,1949,2733,71.3135748261983,MC,40.020523345305286,S02,1947;2189;2190;2191
2024,14,120,3699,verified,True,1598,2462,64.90658001624695,MC,34.91864831038799,S02,1948;1949;2192;2193
2024,14,120,3700,verified,True,1735,2600,66.73076923076923,MC,37.002881844380404,S02,2194;2195;2196;2216
2024,14,120,3721,verified,True,1434,2361,60.736975857687426,MC,80.8926080892608,S02,5100;5575;5576;5606
2024,14,120,3722,verified,True,1338,1633,81.93508879363135,MC,71.30044843049326,S02,5101;5582;5583
2024,14,120,3723,verified,True,1972,2582,76.37490317583269,MC,62.57606490872211,S02,5577;5584;5607;5608
2024,14,120,3724,verified,True,1687,2192,76.96167883211679,MC,64.25607587433313,S02,5585;5609;5610
2024,14,120,3725,verified,True,1516,2076,73.02504816955684,MC,46.108179419525065,S02,5102;5578;5611
2024,14,120,3726,verified,True,409,1501,27.24850099933378,MC,1.7114914425427872,S02,5586;5587;5612
2024,14,120,3727,verified,True,1396,3188,43.7892095357591,MC,1.9340974212034383,S02,5103;5104;5579;5588;5613
2024,14,120,3728,verified,True,957,1983,48.26021180030257,MC,4.702194357366771,S02,5580;5589;5614
2024,14,120,3729,verified,True,939,1930,48.65284974093264,MC,8.30670926517572,S02,5105;5581;5615
2024,14,120,3730,verified,True,919,1921,47.8396668401874,MC,6.2023939064200215,S02,5106;5598;5616
2024,14,120,3731,verified,True,972,2247,43.257676902536716,MC,4.732510288065844,S02,5107;5590;5617
2024,14,120,3774,verified,True,1944,2409,80.69738480697384,MC,60.44238683127572,S02,1932;1933;2180;2185
2024,14,120,3775,verified,True,1752,2346,74.68030690537084,MC,47.6027397260274,S02,1934;2181;2186;2220
2024,14,120,3776,verified,True,1963,3021,64.97848394571334,MC,27.712684666327053,S02,1935;1936;2221;2222;2223
2024,14,120,3777,verified,True,1214,2035,59.65601965601965,MC,18.86326194398682,S02,1937;2182;2187
2024,14,120,3778,verified,True,1050,2253,46.60452729693741,MORENA,3.7142857142857144,S02,1938;1939;2224;2225
2024,14,120,3779,verified,True,943,2129,44.293095349929544,MC,0.3181336161187699,S02,1940;2183;2226
2024,14,120,3780,verified,True,785,2261,34.719150818222026,MORENA,1.78343949044586,S02,1941;1942;1943;2184
2024,14,120,3790,verified,True,532,1395,38.13620071684588,MORENA,0.18796992481203006,S02,2895;3112
2024,14,120,3791,verified,True,193,384,50.260416666666664,MC,6.7357512953367875,S02,2896
2024,14,120,3792,verified,True,707,2349,30.09791400595998,MORENA,7.920792079207921,S02,3113;3306;3307;3308
2024,14,120,3793,verified,True,1044,3027,34.489593657086225,MC,6.321839080459771,S02,2897;2898;2899;3309;3310
2024,14,120,3794,verified,True,1019,3302,30.860084797092668,MORENA,5.593719332679097,S02,2900;3114;3115;3311;3312
2024,14,120,3795,verified,True,713,2414,29.536039768019883,MC,14.025245441795231,S02,3116;3123;3313;3314
2024,14,120,3796,verified,True,517,1395,37.060931899641574,MORENA,1.9342359767891684,S02,2901;3315
2024,14,120,3797,verified,True,1095,2636,41.5402124430956,MC,3.9269406392694064,S02,2902;3117;3124;3316
2024,14,120,3798,verified,True,1204,2759,43.63899963754984,MC,5.398671096345515,S02,3118;3119;3120;3125
2024,14,120,3799,verified,True,988,3054,32.35101506221349,MC,3.0364372469635628,S02,3121;3122;3126;3127;3128
2024,14,120,3807,verified,True,904,1132,79.85865724381625,MC,67.03539823008849,S02,5108;5109
2024,14,120,3808,verified,True,1421,2471,57.50708215297451,MC,63.26530612244898,S02,5595;5596;5599;5600
2024,14,120,3809,verified,True,1304,2911,44.79560288560632,MC,45.39877300613497,S02,5110;5597;5618;5619
2024,14,120,3810,verified,True,1825,2764,66.02749638205499,MC,40.38356164383561,S02,5111;5601;5602;5620
